code,id
0101,0
0102,1
0103,2
0104,3
0105,4
0106,5
0107,6
0108,7
0109,8
0110,9
0111,10
0112,11
0113,12
0114,13
0115,14
0116,15
0117,16
0118,17
0119,18
0120,19
0121,20
0122,21
0123,22
0189,23
0199,24
0201,25
0202,26
0203,27
0204,28
0205,29
0206,30
0207,31
0208,32
0209,33
0210,34
0211,35
0212,36
0213,37
0214,38
0215,39
0216,40
0217,41
0218,42
0219,43
0220,44
0221,45
0297,46
0298,47
0299,48
0301,49
0302,50
0303,51
0304,52
0305,53
0306,54
0307,55
0308,56
0309,57
0310,58
0311,59
0312,60
0313,61
0314,62
0315,63
0316,64
0317,65
0318,66
0319,67
0397,68
0398,69
0399,70
0401,71
0402,72
0403,73
0404,74
0405,75
0406,76
0407,77
0408,78
0409,79
0410,80
0411,81
0412,82
0413,83
0414,84
0415,85
0498,86
0499,87
0501,88
0502,89
0503,90
0504,91
0505,92
0506,93
0507,94
0508,95
0509,96
0510,97
0511,98
0512,99
0513,100
0514,101
0515,102
0598,103
0599,104
0601,105
0602,106
0603,107
0604,108
0605,109
0606,110
0607,111
0608,112
0609,113
0610,114
0611,115
0612,116
0613,117
0614,118
0615,119
0616,120
0617,121
0618,122
0619,123
0620,124
0621,125
0622,126
0623,127
0624,128
0625,129
0626,130
0627,131
0694,132
0695,133
0696,134
0697,135
0698,136
0699,137
0701,138
0702,139
0703,140
0704,141
0705,142
0706,143
0707,144
0708,145
0709,146
0710,147
0711,148
0712,149
0713,150
0714,151
0715,152
0716,153
0717,154
0798,155
0799,156
0801,157
0802,158
0803,159
0804,160
0805,161
0806,162
0807,163
0808,164
0809,165
0810,166
0811,167
0812,168
0813,169
0814,170
0815,171
0816,172
0817,173
0818,174
0819,175
0888,176
0889,177
0898,178
0899,179
0901,180
0902,181
0903,182
0904,183
0905,184
0906,185
0907,186
0908,187
0909,188
0910,189
0911,190
0912,191
0913,192
0999,193
1001,194
1002,195
1003,196
1004,197
1005,198
1006,199
1007,200
1008,201
1009,202
1010,203
1011,204
1012,205
1013,206
1014,207
1015,208
1016,209
1017,210
1099,211
1101,212
1102,213
1103,214
1104,215
1105,216
1106,217
1107,218
1108,219
1109,220
1110,221
1111,222
1112,223
1113,224
1114,225
1115,226
1116,227
1117,228
1118,229
1119,230
1198,231
1199,232
1201,233
1202,234
1203,235
1204,236
1205,237
1206,238
1207,239
1208,240
1209,241
1210,242
1211,243
1212,244
1213,245
1214,246
1215,247
1216,248
1217,249
1218,250
1219,251
1220,252
1221,253
1222,254
1223,255
1298,256
1299,257
1301,258
1302,259
1303,260
1304,261
1305,262
1306,263
1307,264
1308,265
1309,266
1310,267
1311,268
1312,269
1313,270
1314,271
1315,272
1316,273
1317,274
1318,275
1319,276
1320,277
1321,278
1322,279
1323,280
1324,281
1325,282
1326,283
1327,284
1328,285
1329,286
1397,287
1398,288
1399,289
1401,290
1402,291
1403,292
1404,293
1405,294
1406,295
1407,296
1408,297
1409,298
1410,299
1411,300
1412,301
1413,302
1414,303
1415,304
1416,305
1417,306
1418,307
1419,308
1420,309
1421,310
1422,311
1423,312
1424,313
1425,314
1489,315
1499,316
1501,317
1502,318
1503,319
1504,320
1505,321
1506,322
1507,323
1508,324
1509,325
1510,326
1511,327
1512,328
1513,329
1514,330
1515,331
1588,332
1589,333
1598,334
1599,335
1601,336
1602,337
1603,338
1604,339
1605,340
1606,341
1607,342
1608,343
1609,344
1610,345
1611,346
1612,347
1613,348
1614,349
1615,350
1616,351
1617,352
1618,353
1619,354
1689,355
1698,356
1699,357
1701,358
1702,359
1703,360
1704,361
1705,362
1706,363
1707,364
1708,365
1709,366
1710,367
1711,368
1712,369
1713,370
1714,371
1715,372
1716,373
1717,374
1718,375
1719,376
1720,377
1721,378
1722,379
1723,380
1724,381
1725,382
1726,383
1727,384
1789,385
1799,386
1801,387
1802,388
1803,389
1804,390
1805,391
1806,392
1807,393
1808,394
1809,395
1810,396
1811,397
1812,398
1813,399
1814,400
1815,401
1816,402
1817,403
1818,404
1819,405
1898,406
1899,407
1901,408
1902,409
1903,410
1904,411
1905,412
1906,413
1907,414
1908,415
1909,416
1910,417
1911,418
1912,419
1913,420
1914,421
1915,422
1916,423
1917,424
1918,425
1919,426
1989,427
1999,428
2101,429
2102,430
2103,431
2104,432
2105,433
2106,434
2107,435
2108,436
2109,437
2110,438
2111,439
2112,440
2113,441
2114,442
2115,443
2116,444
2117,445
2118,446
2119,447
2120,448
2121,449
2122,450
2123,451
2199,452
2201,453
2202,454
2203,455
2204,456
2205,457
2206,458
2207,459
2208,460
2209,461
2210,462
2211,463
2212,464
2213,465
2214,466
2215,467
2216,468
2217,469
2218,470
2219,471
2220,472
2221,473
2222,474
2223,475
2224,476
2225,477
2226,478
2227,479
2289,480
2299,481
2301,482
2302,483
2303,484
2304,485
2305,486
2306,487
2307,488
2308,489
2309,490
2310,491
2311,492
2312,493
2313,494
2314,495
2315,496
2399,497
2401,498
2402,499
2403,500
2404,501
2405,502
2406,503
2407,504
2408,505
2409,506
2410,507
2411,508
2412,509
2413,510
2414,511
2415,512
2416,513
2417,514
2418,515
2419,516
2420,517
2421,518
2422,519
2423,520
2424,521
2425,522
2487,523
2488,524
2489,525
2498,526
2499,527
2501,528
2502,529
2503,530
2504,531
2505,532
2506,533
2507,534
2508,535
2509,536
2510,537
2511,538
2512,539
2513,540
2514,541
2515,542
2516,543
2517,544
2518,545
2519,546
2587,547
2588,548
2589,549
2599,550
2601,551
2602,552
2603,553
2604,554
2605,555
2606,556
2607,557
2608,558
2609,559
2610,560
2611,561
2612,562
2613,563
2614,564
2615,565
2616,566
2617,567
2618,568
2619,569
2697,570
2698,571
2699,572
2701,573
2702,574
2703,575
2704,576
2705,577
2706,578
2707,579
2708,580
2709,581
2710,582
2711,583
2712,584
2713,585
2714,586
2715,587
2716,588
2717,589
2718,590
2719,591
2720,592
2721,593
2722,594
2723,595
2783,596
2784,597
2785,598
2786,599
2787,600
2788,601
2789,602
2799,603
2801,604
2802,605
2803,606
2804,607
2805,608
2806,609
2807,610
2808,611
2809,612
2810,613
2811,614
2812,615
2813,616
2814,617
2815,618
2888,619
2889,620
2898,621
2899,622
2901,623
2902,624
2903,625
2904,626
2905,627
2906,628
2907,629
2908,630
2909,631
2910,632
2911,633
2912,634
2913,635
2914,636
2915,637
2916,638
2917,639
2918,640
2919,641
2920,642
2921,643
2922,644
2923,645
2924,646
2925,647
2926,648
2927,649
2998,650
2999,651
2A01,652
2A02,653
2A03,654
2A04,655
2A05,656
2A06,657
2A07,658
2A08,659
2A09,660
2A10,661
2A11,662
2A98,663
2A99,664
2B01,665
2B02,666
2B03,667
2B04,668
2B05,669
2B06,670
2B07,671
2B08,672
2B09,673
2B10,674
2B11,675
2B12,676
2B13,677
2B14,678
2B15,679
2B99,680
3001,681
3002,682
3003,683
3004,684
3005,685
3006,686
3007,687
3008,688
3009,689
3010,690
3011,691
3012,692
3013,693
3014,694
3015,695
3016,696
3017,697
3018,698
3019,699
3020,700
3021,701
3022,702
3023,703
3098,704
3099,705
3101,706
3102,707
3103,708
3104,709
3105,710
3106,711
3107,712
3108,713
3109,714
3110,715
3111,716
3112,717
3113,718
3114,719
3115,720
3116,721
3117,722
3118,723
3119,724
3120,725
3121,726
3122,727
3123,728
3124,729
3125,730
3126,731
3127,732
3199,733
3201,734
3202,735
3203,736
3204,737
3205,738
3206,739
3207,740
3208,741
3209,742
3210,743
3211,744
3212,745
3213,746
3214,747
3215,748
3216,749
3217,750
3299,751
3301,752
3302,753
3303,754
3304,755
3305,756
3306,757
3307,758
3308,759
3309,760
3310,761
3311,762
3312,763
3313,764
3314,765
3315,766
3316,767
3317,768
3318,769
3319,770
3320,771
3321,772
3322,773
3323,774
3324,775
3325,776
3326,777
3327,778
3328,779
3329,780
3330,781
3331,782
3332,783
3333,784
3389,785
3396,786
3397,787
3398,788
3399,789
3401,790
3402,791
3403,792
3404,793
3405,794
3406,795
3407,796
3408,797
3409,798
3410,799
3411,800
3412,801
3413,802
3414,803
3415,804
3416,805
3417,806
3418,807
3419,808
3420,809
3421,810
3422,811
3423,812
3424,813
3425,814
3498,815
3499,816
3501,817
3502,818
3503,819
3504,820
3505,821
3506,822
3507,823
3508,824
3509,825
3510,826
3511,827
3512,828
3513,829
3514,830
3515,831
3516,832
3517,833
3518,834
3519,835
3520,836
3521,837
3522,838
3523,839
3524,840
3525,841
3526,842
3527,843
3589,844
3597,845
3598,846
3599,847
3601,848
3602,849
3603,850
3604,851
3605,852
3606,853
3607,854
3608,855
3609,856
3610,857
3611,858
3612,859
3613,860
3689,861
3699,862
3701,863
3702,864
3703,865
3704,866
3705,867
3706,868
3707,869
3708,870
3709,871
3710,872
3711,873
3712,874
3713,875
3714,876
3715,877
3716,878
3717,879
3718,880
3719,881
3799,882
3801,883
3802,884
3803,885
3804,886
3805,887
3806,888
3807,889
3808,890
3809,891
3810,892
3811,893
3812,894
3813,895
3814,896
3815,897
3816,898
3817,899
3818,900
3819,901
3820,902
3821,903
3822,904
3823,905
3824,906
3825,907
3826,908
3827,909
3828,910
3829,911
3897,912
3898,913
3899,914
3901,915
3902,916
3903,917
3904,918
3905,919
3906,920
3907,921
3908,922
3909,923
3910,924
3911,925
3912,926
3913,927
3914,928
3915,929
3916,930
3917,931
3981,932
3982,933
3983,934
3984,935
3985,936
3986,937
3987,938
3988,939
3989,940
3998,941
3999,942
4001,943
4002,944
4003,945
4004,946
4005,947
4006,948
4007,949
4008,950
4009,951
4010,952
4011,953
4012,954
4013,955
4014,956
4015,957
4098,958
4099,959
4101,960
4102,961
4103,962
4104,963
4105,964
4106,965
4107,966
4108,967
4109,968
4110,969
4111,970
4112,971
4113,972
4114,973
4115,974
4189,975
4199,976
4201,977
4202,978
4203,979
4204,980
4205,981
4206,982
4207,983
4208,984
4209,985
4210,986
4211,987
4212,988
4213,989
4214,990
4215,991
4216,992
4217,993
4218,994
4219,995
4220,996
4221,997
4298,998
4299,999
4301,1000
4302,1001
4303,1002
4304,1003
4305,1004
4306,1005
4307,1006
4308,1007
4309,1008
4310,1009
4311,1010
4312,1011
4313,1012
4314,1013
4315,1014
4316,1015
4317,1016
4318,1017
4319,1018
4399,1019
4401,1020
4402,1021
4403,1022
4404,1023
4405,1024
4406,1025
4407,1026
4408,1027
4409,1028
4410,1029
4411,1030
4412,1031
4413,1032
4414,1033
4415,1034
4416,1035
4417,1036
4418,1037
4419,1038
4420,1039
4421,1040
4422,1041
4423,1042
4424,1043
4425,1044
4426,1045
4427,1046
4428,1047
4429,1048
4430,1049
4431,1050
4489,1051
4496,1052
4497,1053
4498,1054
4499,1055
4501,1056
4502,1057
4503,1058
4504,1059
4505,1060
4506,1061
4507,1062
4508,1063
4509,1064
4510,1065
4511,1066
4512,1067
4513,1068
4514,1069
4515,1070
4516,1071
4517,1072
4518,1073
4519,1074
4520,1075
4521,1076
4599,1077
4601,1078
4602,1079
4603,1080
4604,1081
4605,1082
4606,1083
4607,1084
4608,1085
4609,1086
4610,1087
4611,1088
4612,1089
4613,1090
4614,1091
4615,1092
4616,1093
4617,1094
4687,1095
4688,1096
4689,1097
4698,1098
4699,1099
4701,1100
4702,1101
4703,1102
4704,1103
4705,1104
4706,1105
4707,1106
4708,1107
4709,1108
4710,1109
4711,1110
4712,1111
4713,1112
4714,1113
4715,1114
4716,1115
4717,1116
4718,1117
4719,1118
4720,1119
4721,1120
4797,1121
4798,1122
4799,1123
4801,1124
4802,1125
4803,1126
4804,1127
4805,1128
4806,1129
4807,1130
4808,1131
4809,1132
4810,1133
4811,1134
4812,1135
4813,1136
4887,1137
4888,1138
4889,1139
4899,1140
4901,1141
4902,1142
4903,1143
4904,1144
4905,1145
4906,1146
4907,1147
4908,1148
4909,1149
4910,1150
4911,1151
4912,1152
4913,1153
4914,1154
4915,1155
4916,1156
4917,1157
4918,1158
4919,1159
4920,1160
4921,1161
4984,1162
4985,1163
4986,1164
4987,1165
4988,1166
4989,1167
4998,1168
4999,1169
5001,1170
5002,1171
5003,1172
5004,1173
5005,1174
5006,1175
5007,1176
5008,1177
5009,1178
5010,1179
5011,1180
5012,1181
5013,1182
5014,1183
5015,1184
5016,1185
5017,1186
5018,1187
5019,1188
5020,1189
5021,1190
5022,1191
5023,1192
5024,1193
5025,1194
5026,1195
5027,1196
5080,1197
5081,1198
5082,1199
5083,1200
5084,1201
5085,1202
5086,1203
5087,1204
5088,1205
5089,1206
5098,1207
5099,1208
5101,1209
5102,1210
5103,1211
5104,1212
5105,1213
5106,1214
5107,1215
5108,1216
5109,1217
5110,1218
5111,1219
5112,1220
5113,1221
5114,1222
5115,1223
5116,1224
5117,1225
5118,1226
5119,1227
5120,1228
5121,1229
5122,1230
5123,1231
5197,1232
5198,1233
5199,1234
5201,1235
5202,1236
5203,1237
5204,1238
5205,1239
5206,1240
5207,1241
5208,1242
5209,1243
5210,1244
5211,1245
5212,1246
5213,1247
5214,1248
5215,1249
5216,1250
5217,1251
5298,1252
5299,1253
5301,1254
5302,1255
5303,1256
5304,1257
5305,1258
5306,1259
5307,1260
5308,1261
5309,1262
5310,1263
5311,1264
5312,1265
5313,1266
5314,1267
5315,1268
5316,1269
5317,1270
5388,1271
5389,1272
5399,1273
5401,1274
5402,1275
5403,1276
5404,1277
5405,1278
5406,1279
5407,1280
5408,1281
5409,1282
5410,1283
5411,1284
5412,1285
5413,1286
5414,1287
5415,1288
5416,1289
5417,1290
5418,1291
5419,1292
5420,1293
5421,1294
5422,1295
5423,1296
5498,1297
5499,1298
5501,1299
5502,1300
5503,1301
5504,1302
5505,1303
5506,1304
5507,1305
5508,1306
5509,1307
5510,1308
5511,1309
5512,1310
5513,1311
5514,1312
5515,1313
5516,1314
5517,1315
5598,1316
5599,1317
5601,1318
5602,1319
5603,1320
5604,1321
5605,1322
5606,1323
5607,1324
5608,1325
5609,1326
5610,1327
5611,1328
5612,1329
5613,1330
5614,1331
5615,1332
5616,1333
5617,1334
5618,1335
5619,1336
5620,1337
5621,1338
5689,1339
5698,1340
5699,1341
5701,1342
5702,1343
5703,1344
5704,1345
5705,1346
5706,1347
5707,1348
5708,1349
5709,1350
5710,1351
5711,1352
5712,1353
5713,1354
5714,1355
5715,1356
5716,1357
5717,1358
5718,1359
5719,1360
5720,1361
5721,1362
5722,1363
5723,1364
5724,1365
5725,1366
5726,1367
5727,1368
5798,1369
5799,1370
5801,1371
5802,1372
5803,1373
5804,1374
5805,1375
5806,1376
5807,1377
5808,1378
5809,1379
5810,1380
5811,1381
5812,1382
5813,1383
5814,1384
5815,1385
5816,1386
5817,1387
5899,1388
5901,1389
5902,1390
5903,1391
5904,1392
5905,1393
5906,1394
5907,1395
5908,1396
5909,1397
5910,1398
5911,1399
5912,1400
5913,1401
5914,1402
5915,1403
5916,1404
5917,1405
5918,1406
5919,1407
5920,1408
5921,1409
5922,1410
5923,1411
5924,1412
5925,1413
5926,1414
5927,1415
5928,1416
5929,1417
5930,1418
5931,1419
5932,1420
5933,1421
5934,1422
5935,1423
5936,1424
5937,1425
5938,1426
5939,1427
5940,1428
5941,1429
5996,1430
5997,1431
5998,1432
5999,1433
6001,1434
6002,1435
6003,1436
6004,1437
6005,1438
6006,1439
6007,1440
6008,1441
6009,1442
6010,1443
6011,1444
6012,1445
6013,1446
6014,1447
6015,1448
6016,1449
6017,1450
6018,1451
6019,1452
6020,1453
6021,1454
6098,1455
6099,1456
6101,1457
6102,1458
6103,1459
6104,1460
6105,1461
6106,1462
6107,1463
6108,1464
6109,1465
6110,1466
6111,1467
6112,1468
6113,1469
6114,1470
6115,1471
6116,1472
6117,1473
6118,1474
6119,1475
6120,1476
6121,1477
6187,1478
6188,1479
6189,1480
6197,1481
6198,1482
6199,1483
6201,1484
6202,1485
6203,1486
6204,1487
6205,1488
6206,1489
6207,1490
6208,1491
6209,1492
6210,1493
6211,1494
6212,1495
6213,1496
6214,1497
6215,1498
6216,1499
6217,1500
6218,1501
6219,1502
6220,1503
6221,1504
6222,1505
6223,1506
6224,1507
6225,1508
6226,1509
6227,1510
6228,1511
6229,1512
6230,1513
6231,1514
6232,1515
6233,1516
6234,1517
6235,1518
6236,1519
6237,1520
6238,1521
6239,1522
6296,1523
6297,1524
6298,1525
6299,1526
6301,1527
6302,1528
6303,1529
6304,1530
6305,1531
6306,1532
6307,1533
6308,1534
6309,1535
6310,1536
6311,1537
6312,1538
6313,1539
6314,1540
6315,1541
6316,1542
6317,1543
6318,1544
6319,1545
6320,1546
6321,1547
6322,1548
6323,1549
6324,1550
6325,1551
6326,1552
6327,1553
6328,1554
6329,1555
6330,1556
6331,1557
6389,1558
6399,1559
6401,1560
6402,1561
6403,1562
6404,1563
6405,1564
6406,1565
6407,1566
6408,1567
6409,1568
6410,1569
6411,1570
6412,1571
6413,1572
6414,1573
6415,1574
6416,1575
6417,1576
6418,1577
6419,1578
6420,1579
6421,1580
6422,1581
6423,1582
6424,1583
6425,1584
6426,1585
6427,1586
6496,1587
6497,1588
6498,1589
6499,1590
6501,1591
6502,1592
6503,1593
6504,1594
6505,1595
6506,1596
6507,1597
6508,1598
6509,1599
6510,1600
6511,1601
6512,1602
6513,1603
6514,1604
6515,1605
6516,1606
6517,1607
6598,1608
6599,1609
6601,1610
6602,1611
6603,1612
6604,1613
6605,1614
6606,1615
6607,1616
6608,1617
6609,1618
6610,1619
6611,1620
6612,1621
6613,1622
6614,1623
6615,1624
6616,1625
6617,1626
6699,1627
6701,1628
6702,1629
6703,1630
6704,1631
6705,1632
6706,1633
6707,1634
6708,1635
6709,1636
6710,1637
6711,1638
6712,1639
6713,1640
6714,1641
6715,1642
6716,1643
6717,1644
6718,1645
6719,1646
6720,1647
6721,1648
6722,1649
6723,1650
6789,1651
6799,1652
6801,1653
6802,1654
6803,1655
6804,1656
6805,1657
6806,1658
6807,1659
6808,1660
6809,1661
6810,1662
6811,1663
6812,1664
6813,1665
6814,1666
6815,1667
6816,1668
6817,1669
6898,1670
6899,1671
6901,1672
6902,1673
6903,1674
6904,1675
6905,1676
6906,1677
6907,1678
6908,1679
6909,1680
6910,1681
6911,1682
6912,1683
6913,1684
6988,1685
6989,1686
7001,1687
7002,1688
7003,1689
7004,1690
7005,1691
7006,1692
7007,1693
7008,1694
7009,1695
7010,1696
7011,1697
7012,1698
7013,1699
7014,1700
7015,1701
7016,1702
7017,1703
7088,1704
7097,1705
7098,1706
7099,1707
7101,1708
7102,1709
7103,1710
7104,1711
7105,1712
7106,1713
7107,1714
7108,1715
7109,1716
7110,1717
7111,1718
7112,1719
7113,1720
7114,1721
7115,1722
7116,1723
7117,1724
7118,1725
7119,1726
7120,1727
7121,1728
7122,1729
7123,1730
7124,1731
7125,1732
7126,1733
7127,1734
7128,1735
7129,1736
7196,1737
7197,1738
7198,1739
7199,1740
7201,1741
7202,1742
7203,1743
7204,1744
7205,1745
7206,1746
7207,1747
7208,1748
7209,1749
7210,1750
7211,1751
7212,1752
7213,1753
7214,1754
7215,1755
7216,1756
7217,1757
7218,1758
7219,1759
7220,1760
7221,1761
7299,1762
7301,1763
7302,1764
7303,1765
7304,1766
7305,1767
7306,1768
7307,1769
7308,1770
7309,1771
7310,1772
7311,1773
7312,1774
7313,1775
7314,1776
7315,1777
7316,1778
7317,1779
7318,1780
7319,1781
7397,1782
7398,1783
7399,1784
7401,1785
7402,1786
7403,1787
7404,1788
7405,1789
7406,1790
7407,1791
7408,1792
7409,1793
7410,1794
7411,1795
7412,1796
7413,1797
7414,1798
7415,1799
7416,1800
7417,1801
7489,1802
7499,1803
7601,1804
7602,1805
7603,1806
7604,1807
7605,1808
7606,1809
7607,1810
7608,1811
7609,1812
7610,1813
7611,1814
7612,1815
7613,1816
7614,1817
7615,1818
7616,1819
7617,1820
7618,1821
7619,1822
7620,1823
7621,1824
7622,1825
7623,1826
7624,1827
7625,1828
7626,1829
7627,1830
7628,1831
7629,1832
7630,1833
7631,1834
7632,1835
7633,1836
7634,1837
7635,1838
7689,1839
7695,1840
7696,1841
7697,1842
7698,1843
7699,1844
7701,1845
7702,1846
7703,1847
7704,1848
7705,1849
7706,1850
7707,1851
7708,1852
7709,1853
7710,1854
7711,1855
7712,1856
7713,1857
7714,1858
7715,1859
7716,1860
7717,1861
7718,1862
7719,1863
7720,1864
7721,1865
7722,1866
7723,1867
7801,1868
7802,1869
7803,1870
7804,1871
7805,1872
7806,1873
7807,1874
7808,1875
7809,1876
7810,1877
7811,1878
7812,1879
7813,1880
7814,1881
7815,1882
7816,1883
7817,1884
7818,1885
7819,1886
7820,1887
7821,1888
7899,1889
7901,1890
7902,1891
7903,1892
7904,1893
7905,1894
7906,1895
7907,1896
7908,1897
7909,1898
7910,1899
7911,1900
7912,1901
7913,1902
7914,1903
7915,1904
7916,1905
7917,1906
7989,1907
7999,1908
8001,1909
8002,1910
8003,1911
8004,1912
8005,1913
8006,1914
8007,1915
8008,1916
8009,1917
8010,1918
8011,1919
8012,1920
8013,1921
8014,1922
8015,1923
8016,1924
8017,1925
8018,1926
8019,1927
8020,1928
8021,1929
8022,1930
8023,1931
8089,1932
8098,1933
8099,1934
8101,1935
8102,1936
8103,1937
8104,1938
8105,1939
8106,1940
8107,1941
8108,1942
8109,1943
8110,1944
8111,1945
8112,1946
8113,1947
8114,1948
8115,1949
8116,1950
8117,1951
8118,1952
8119,1953
8120,1954
8121,1955
8122,1956
8123,1957
8189,1958
8196,1959
8197,1960
8198,1961
8199,1962
8201,1963
8202,1964
8203,1965
8204,1966
8205,1967
8206,1968
8207,1969
8208,1970
8209,1971
8210,1972
8211,1973
8212,1974
8213,1975
8214,1976
8215,1977
8299,1978
8301,1979
8302,1980
8303,1981
8304,1982
8305,1983
8306,1984
8307,1985
8308,1986
8309,1987
8310,1988
8311,1989
8312,1990
8313,1991
8314,1992
8315,1993
8316,1994
8317,1995
8318,1996
8319,1997
8320,1998
8321,1999
8322,2000
8323,2001
8396,2002
8397,2003
8398,2004
8399,2005
8401,2006
8402,2007
8403,2008
8404,2009
8405,2010
8406,2011
8407,2012
8408,2013
8409,2014
8410,2015
8411,2016
8412,2017
8413,2018
8414,2019
8415,2020
8416,2021
8417,2022
8499,2023
8501,2024
8502,2025
8503,2026
8504,2027
8505,2028
8506,2029
8507,2030
8508,2031
8509,2032
8510,2033
8511,2034
8512,2035
8513,2036
8514,2037
8515,2038
8516,2039
8517,2040
8599,2041
8601,2042
8602,2043
8603,2044
8604,2045
8605,2046
8606,2047
8607,2048
8608,2049
8609,2050
8610,2051
8611,2052
8612,2053
8613,2054
8614,2055
8615,2056
8616,2057
8617,2058
8618,2059
8619,2060
8688,2061
8689,2062
8698,2063
8699,2064
8701,2065
8702,2066
8703,2067
8704,2068
8705,2069
8706,2070
8707,2071
8708,2072
8709,2073
8710,2074
8711,2075
8712,2076
8713,2077
8714,2078
8715,2079
8716,2080
8717,2081
8718,2082
8719,2083
8720,2084
8721,2085
8788,2086
8789,2087
8799,2088
8801,2089
8802,2090
8803,2091
8804,2092
8805,2093
8806,2094
8807,2095
8808,2096
8809,2097
8810,2098
8811,2099
8812,2100
8813,2101
8814,2102
8815,2103
8816,2104
8817,2105
8898,2106
8899,2107
8901,2108
8902,2109
8903,2110
8904,2111
8905,2112
8906,2113
8907,2114
8908,2115
8909,2116
8910,2117
8911,2118
8912,2119
8913,2120
8914,2121
8915,2122
8916,2123
8917,2124
8918,2125
8919,2126
8920,2127
8921,2128
8998,2129
8999,2130
9001,2131
9002,2132
9003,2133
9004,2134
9005,2135
9006,2136
9007,2137
9008,2138
9009,2139
9099,2140
9101,2141
9102,2142
9103,2143
9104,2144
9105,2145
9106,2146
9107,2147
9108,2148
9109,2149
9110,2150
9111,2151
9112,2152
9113,2153
9114,2154
9115,2155
9116,2156
9117,2157
9118,2158
9119,2159
9120,2160
9121,2161
9198,2162
9199,2163
9201,2164
9202,2165
9203,2166
9204,2167
9205,2168
9206,2169
9207,2170
9208,2171
9209,2172
9210,2173
9211,2174
9212,2175
9213,2176
9214,2177
9215,2178
9216,2179
9217,2180
9218,2181
9219,2182
9220,2183
9221,2184
9222,2185
9223,2186
9295,2187
9296,2188
9297,2189
9298,2190
9299,2191
9301,2192
9302,2193
9303,2194
9304,2195
9305,2196
9306,2197
9307,2198
9308,2199
9309,2200
9310,2201
9311,2202
9312,2203
9313,2204
9314,2205
9315,2206
9316,2207
9317,2208
9318,2209
9319,2210
9320,2211
9321,2212
9395,2213
9396,2214
9397,2215
9398,2216
9399,2217
9401,2218
9402,2219
9403,2220
9404,2221
9405,2222
9406,2223
9407,2224
9408,2225
9409,2226
9410,2227
9411,2228
9412,2229
9413,2230
9414,2231
9415,2232
9416,2233
9417,2234
9418,2235
9419,2236
9420,2237
9421,2238
9422,2239
9423,2240
9424,2241
9425,2242
9493,2243
9494,2244
9495,2245
9496,2246
9497,2247
9498,2248
9499,2249
9501,2250
9502,2251
9503,2252
9504,2253
9505,2254
9506,2255
9507,2256
9508,2257
9509,2258
9510,2259
9511,2260
9512,2261
9513,2262
9514,2263
9515,2264
9516,2265
9517,2266
9518,2267
9519,2268
9520,2269
9521,2270
9598,2271
9599,2272
97101,2273
97102,2274
97103,2275
97104,2276
97105,2277
97106,2278
97107,2279
97108,2280
97109,2281
97110,2282
97111,2283
97112,2284
97113,2285
97114,2286
97115,2287
97116,2288
97117,2289
97118,2290
97119,2291
97120,2292
97121,2293
97193,2294
97194,2295
97195,2296
97196,2297
97197,2298
97198,2299
97199,2300
97401,2301
97402,2302
97403,2303
97404,2304
97405,2305
97406,2306
97407,2307
97408,2308
97409,2309
97410,2310
97411,2311
97412,2312
97413,2313
97414,2314
97415,2315
97416,2316
97417,2317
97418,2318
97419,2319
97420,2320
97421,2321
97422,2322
97423,2323
97424,2324
97425,2325
97491,2326
97492,2327
97493,2328
97494,2329
97495,2330
97496,2331
97497,2332
97498,2333
97499,2334
97601,2335
97602,2336
97603,2337
97604,2338
97605,2339
97606,2340
97607,2341
97608,2342
97609,2343
97610,2344
97611,2345
97612,2346
97613,2347
97696,2348
97697,2349
97698,2350
97699,2351
