code,id
21071F,0
21686H,1
20684B,2
21714T,3
20032T,4
21042A,5
19760E,6
14189C,7
19631V,8
14137P,9
20112S,10
21084L,11
21460Q,12
21674D,13
19667J,14
18503J,15
21035B,16
20024T,17
21125C,18
21684F,19
20022R,20
19954N,21
20110Q,22
21728A,23
19575F,24
21514M,25
14030Q,26
21043B,27
21048G,28
20086J,29
21652W,30
20094J,31
21050A,32
21584C,33
19367Y,34
14069U,35
20042V,36
08060W,37
20138D,38
21710P,39
20088L,40
21640S,41
21223D,42
21046E,43
20114U,44
18045D,45
19383Y,46
17737W,47
21052C,48
21670Y,49
21712R,50
21404G,51
20080C,52
19621T,53
21088Q,54
21089R,55
19758L,56
21694H,57
21063F,58
20090E,59
21096Q,60
20104S,61
14255U,62
21668F,63
21083K,64
04042C,65
21045D,66
14053L,67
14083S,68
11053K,69
19545Y,70
20060X,71
12028B,72
19629C,73
21090J,74
21716V,75
21057H,76
14329V,77
20264J,78
21065H,79
18083K,80
14267Y,81
21072G,82
19295A,83
11027H,84
21034A,85
19681G,86
19916G,87
21642U,88
11115U,89
20070A,90
11056N,91
14357A,92
21690D,93
21704R,94
18395Y,95
11065P,96
19693L,97
14259Y,98
21067K,99
21041Y,100
04008A,101
19701S,102
19649G,103
19735D,104
08011M,105
21676F,106
11070L,107
19719D,108
14327T,109
21470S,110
17229F,111
20248J,112
15197G,113
14215L,114
20390P,115
14042U,116
21680B,117
20134Y,118
21644W,119
20124W,120
21682D,121
20040T,122
07033P,123
20074E,124
19507S,125
21672B,126
21074J,127
11074Q,128
11110B,129
14187A,130
19673G,131
21091K,132
21062E,133
21086N,134
21646Y,135
19647E,136
14281W,137
20132W,138
19111A,139
17023S,140
21033Y,141
21708V,142
21706T,143
21664B,144
15689X,145
21718X,146
20286Q,147
20172F,148
21722T,149
14231L,150
19695N,151
20120S,152
18153G,153
20874F,154
19820Y,155
21032X,156
19387D,157
19347U,158
20180F,159
07004J,160
08056B,161
19565D,162
14033T,163
14123H,164
21066J,165
21092L,166
19691J,167
17331C,168
20106U,169
20128B,170
19569H,171
14179A,172
19685L,173
20048C,174
21085M,175
08069G,176
21415K,177
19399H,178
21662Y,179
11048N,180
19591F,181
14213J,182
20034V,183
19551W,184
21093M,185
19531S,186
19683J,187
21044C,188
20056C,189
21217F,190
19447X,191
14021P,192
99004R,193
19489J,194
18543S,195
21081H,196
20126Y,197
21648B,198
19611R,199
20102Q,200
07029T,201
21078N,202
86034E,203
19699S,204
19711U,205
19709B,206
18193Q,207
17305A,208
21688K,209
08010L,210
14037X,211
21087P,212
21698M,213
21692F,214
20052X,215
19697Q,216
18207D,217
14205J,218
14219Q,219
21054E,220
08012N,221
17779H,222
12016W,223
19657G,224
14251Q,225
14111D,226
21075K,227
21486B,228
11085T,229
21700M,230
19826F,231
21058J,232
21040X,233
21512K,234
08009T,235
14221J,236
20252E,237
21073H,238
19563B,239
14147R,240
20028X,241
21732V,242
21080G,243
20018V,244
21726X,245
14223L,246
21656B,247
19335Q,248
11072N,249
04070G,250
21666D,251
14071N,252
21534R,253
20096L,254
02042T,255
21097R,256
18231D,257
21029D,258
21039F,259
18233F,260
19768N,261
21037D,262
19331L,263
21060C,264
19593H,265
19573D,266
19866P,267
14191V,268
20050V,269
20036X,270
21055F,271
14237S,272
21724V,273
21047F,274
14193X,275
21730T,276
19533U,277
21053D,278
20030R,279
20718T,280
20118Y,281
11090Q,282
19679N,283
21658D,284
19349W,285
14331P,286
08070Y,287
20082E,288
19705W,289
04033B,290
21068L,291
21650U,292
21038E,293
21678H,294
20054A,295
14229S,296
21660W,297
21070E,298
21056G,299
20020P,300
21654Y,301
21064G,302
21059K,303
11045K,304
21436Q,305
14107H,306
21036C,307
19619A,308
20092G,309
21702P,310
19421M,311
20044X,312
19687N,313
20098N,314
21510H,315
21079P,316
01058X,317
21049H,318
21696K,319
19703U,320
19713W,321
20062A,322
21094N,323
21720R,324
21069M,325
21095P,326
19669L,327
14275Y,328
19301E,329
19413M,330
21638Y,331
21051B,332
21061D,333
20064C,334
20046A,335
21031W,336
20026V,337
19749K,338
19479G,339
20058E,340
14173T,341
21076L,342
20266L,343
19585H,344
21082J,345
21030V,346
21077M,347
